Team 1,Score,Overs,RPO,Inns,Result,Opposition,Opposition Score,Opposition Overs,Opposition RPO,Opposition Innings,Ground,Start Date
England,334/4,60.0,5.56,1,won,v India,132/3,60.0,2.2,2,Lord's,7-Jun-75
New Zealand,309/5,60.0,5.15,1,won,v East Africa,128/8,60.0,2.13,2,Birmingham,7-Jun-75
Australia,278/7,60.0,4.63,1,won,v Pakistan,205,53.0,3.86,2,Leeds,7-Jun-75
Sri Lanka,86,37.2,2.3,1,lost,v West Indies,87/1,20.4,4.2,2,Manchester,7-Jun-75
England,266/6,60.0,4.43,1,won,v New Zealand,186,60.0,3.1,2,Nottingham,11-Jun-75
East Africa,120,55.3,2.16,1,lost,v India,123/0,29.5,4.12,2,Leeds,11-Jun-75
Australia,328/5,60.0,5.46,1,won,v Sri Lanka,276/4,60.0,4.6,2,The Oval,11-Jun-75
Pakistan,266/7,60.0,4.43,1,lost,v West Indies,267/9,59.4,4.47,2,Birmingham,11-Jun-75
England,290/5,60.0,4.83,1,won,v East Africa,94,52.3,1.79,2,Birmingham,14-Jun-75
India,230,60.0,3.83,1,lost,v New Zealand,233/6,58.5,3.96,2,Manchester,14-Jun-75
Australia,192,53.4,3.57,1,lost,v West Indies,195/3,46.0,4.23,2,The Oval,14-Jun-75
Pakistan,330/6,60.0,5.5,1,won,v Sri Lanka,138,50.1,2.75,2,Nottingham,14-Jun-75
England,93,36.2,2.55,1,lost,v Australia,94/6,28.4,3.27,2,Leeds,18-Jun-75
New Zealand,158,52.2,3.01,1,lost,v West Indies,159/5,40.1,3.95,2,The Oval,18-Jun-75
West Indies,291/8,60.0,4.85,1,won,v Australia,274,58.4,4.67,2,Lord's,21-Jun-75
India,190,53.1,3.57,1,lost,v West Indies,194/1,51.3,3.76,2,Birmingham,9-Jun-79
Sri Lanka,189,56.5,3.32,1,lost,v New Zealand,190/1,47.4,3.98,2,Nottingham,9-Jun-79
Australia,159/9,60.0,2.65,1,lost,v England,160/4,47.1,3.39,2,Lord's,9-Jun-79
Canada,139/9,60.0,2.31,1,lost,v Pakistan,140/2,40.1,3.48,2,Leeds,9-Jun-79
India,182,55.5,3.25,1,lost,v New Zealand,183/2,57.0,3.21,2,Leeds,13-Jun-79
Pakistan,286/7,60.0,4.76,1,won,v Australia,197,57.1,3.44,2,Nottingham,13-Jun-79
Canada,45,40.3,1.11,1,lost,v England,46/2,13.5,3.32,2,Manchester,13-Jun-79
Sri Lanka,238/5,60.0,3.96,1,won,v India,191,54.1,3.52,2,Manchester,16-Jun-79
West Indies,244/7,60.0,4.06,1,won,v New Zealand,212/9,60.0,3.53,2,Nottingham,16-Jun-79
Canada,105,33.2,3.15,1,lost,v Australia,106/3,26.0,4.07,2,Birmingham,16-Jun-79
England,165/9,60.0,2.75,1,won,v Pakistan,151,56.0,2.69,2,Leeds,16-Jun-79
England,221/8,60.0,3.68,1,won,v New Zealand,212/9,60.0,3.53,2,Manchester,20-Jun-79
West Indies,293/6,60.0,4.88,1,won,v Pakistan,250,56.2,4.43,2,The Oval,20-Jun-79
West Indies,286/9,60.0,4.76,1,won,v England,194,51.0,3.8,2,Lord's,23-Jun-79
England,322/6,60.0,5.36,1,won,v New Zealand,216,59.0,3.66,2,The Oval,9-Jun-83
Pakistan,338/5,60.0,5.63,1,won,v Sri Lanka,288/9,60.0,4.8,2,Swansea,9-Jun-83
Zimbabwe,239/6,60.0,3.98,1,won,v Australia,226/7,60.0,3.76,2,Nottingham,9-Jun-83
India,262/8,60.0,4.36,1,won,v West Indies,228,54.1,4.2,2,Manchester,9-Jun-83
England,333/9,60.0,5.55,1,won,v Sri Lanka,286,58.0,4.93,2,Taunton,11-Jun-83
New Zealand,238/9,60.0,3.96,1,won,v Pakistan,186,55.2,3.36,2,Birmingham,11-Jun-83
West Indies,252/9,60.0,4.2,1,won,v Australia,151,30.3,4.95,2,Leeds,11-Jun-83
Zimbabwe,155,51.4,3.0,1,lost,v India,157/5,37.3,4.18,2,Leicester,11-Jun-83
Pakistan,193/8,60.0,3.21,1,lost,v England,199/2,50.4,3.92,2,Lord's,13-Jun-83
Sri Lanka,206,56.1,3.66,1,lost,v New Zealand,209/5,39.2,5.31,2,Bristol,13-Jun-83
Australia,320/9,60.0,5.33,1,won,v India,158,37.5,4.17,2,Nottingham,13-Jun-83
Zimbabwe,217/7,60.0,3.61,1,lost,v West Indies,218/2,48.3,4.49,2,Worcester,13-Jun-83
England,234,55.2,4.22,1,lost,v New Zealand,238/8,59.5,3.97,2,Birmingham,15-Jun-83
West Indies,282/9,60.0,4.7,1,won,v India,216,53.1,4.06,2,The Oval,15-Jun-83
Pakistan,235/7,60.0,3.91,1,won,v Sri Lanka,224,58.3,3.82,2,Leeds,16-Jun-83
Australia,272/7,60.0,4.53,1,won,v Zimbabwe,240,59.5,4.01,2,Southampton,16-Jun-83
Pakistan,232/8,60.0,3.86,1,lost,v England,233/3,57.2,4.06,2,Manchester,18-Jun-83
New Zealand,181,58.2,3.1,1,lost,v Sri Lanka,184/7,52.5,3.48,2,Derby,18-Jun-83
Australia,273/6,60.0,4.55,1,lost,v West Indies,276/3,57.5,4.77,2,Lord's,18-Jun-83
India,266/8,60.0,4.43,1,won,v Zimbabwe,235,57.0,4.12,2,Tunbridge Wells,18-Jun-83
Sri Lanka,136,50.4,2.68,1,lost,v England,137/1,24.1,5.66,2,Leeds,20-Jun-83
Pakistan,261/3,60.0,4.35,1,won,v New Zealand,250,59.1,4.22,2,Nottingham,20-Jun-83
India,247,55.5,4.42,1,won,v Australia,129,38.2,3.36,2,Chelmsford,20-Jun-83
Zimbabwe,171,60.0,2.85,1,lost,v West Indies,172/0,45.1,3.8,2,Birmingham,20-Jun-83
England,213,60.0,3.55,1,lost,v India,217/4,54.4,3.96,2,Manchester,22-Jun-83
Pakistan,184/8,60.0,3.06,1,lost,v West Indies,188/2,48.4,3.86,2,The Oval,22-Jun-83
India,183,54.4,3.34,1,won,v West Indies,140,52.0,2.69,2,Lord's,25-Jun-83
Pakistan,267/6,50.0,5.34,1,won,v Sri Lanka,252,49.2,5.1,2,Hyderabad (Sind),8-Oct-87
West Indies,243/7,50.0,4.86,1,lost,v England,246/8,49.3,4.96,2,Gujranwala,9-Oct-87
Australia,270/6,50.0,5.4,1,won,v India,269,49.5,5.39,2,Chennai,9-Oct-87
New Zealand,242/7,50.0,4.84,1,won,v Zimbabwe,239,49.4,4.81,2,Hyderabad (Deccan),10-Oct-87
Pakistan,239/7,50.0,4.78,1,won,v England,221,48.4,4.54,2,Rawalpindi,12-Oct-87
Australia,235/9,50.0,4.7,1,won,v Zimbabwe,139,42.4,3.25,2,Chennai,13-Oct-87
West Indies,360/4,50.0,7.2,1,won,v Sri Lanka,169/4,50.0,3.38,2,Karachi,13-Oct-87
India,252/7,50.0,5.04,1,won,v New Zealand,236/8,50.0,4.72,2,Bengaluru,14-Oct-87
West Indies,216,49.3,4.36,1,lost,v Pakistan,217/9,50.0,4.34,2,Lahore,16-Oct-87
England,296/4,50.0,5.92,1,won,v Sri Lanka,158/8,45.0,3.51,2,Peshawar,17-Oct-87
Zimbabwe,135,44.2,3.04,1,lost,v India,136/2,27.5,4.88,2,Wankhede,17-Oct-87
Australia,199/4,30.0,6.63,1,won,v New Zealand,196/9,30.0,6.53,2,Indore,18-Oct-87
England,244/9,50.0,4.88,1,lost,v Pakistan,247/3,49.0,5.04,2,Karachi,20-Oct-87
West Indies,236/8,50.0,4.72,1,won,v Sri Lanka,211/8,50.0,4.22,2,Kanpur,21-Oct-87
India,289/6,50.0,5.78,1,won,v Australia,233,49.0,4.75,2,Delhi,22-Oct-87
Zimbabwe,227/5,50.0,4.54,1,lost,v New Zealand,228/6,47.4,4.78,2,Eden Gardens,23-Oct-87
Pakistan,297/7,50.0,5.94,1,won,v Sri Lanka,184/8,50.0,3.68,2,Faisalabad,25-Oct-87
England,269/5,50.0,5.38,1,won,v West Indies,235,48.1,4.87,2,Jaipur,26-Oct-87
Zimbabwe,191/7,50.0,3.82,1,lost,v India,194/3,42.0,4.61,2,Ahmedabad,26-Oct-87
Australia,251/8,50.0,5.02,1,won,v New Zealand,234,48.4,4.8,2,Chandigarh,27-Oct-87
Australia,266/5,50.0,5.32,1,won,v Zimbabwe,196/6,50.0,3.92,2,Cuttack,30-Oct-87
Sri Lanka,218/7,50.0,4.36,1,lost,v England,219/2,41.2,5.29,2,Pune,30-Oct-87
West Indies,258/7,50.0,5.16,1,won,v Pakistan,230/9,50.0,4.6,2,Karachi,30-Oct-87
New Zealand,221/9,50.0,4.42,1,lost,v India,224/1,32.1,6.96,2,Nagpur,31-Oct-87
Australia,267/8,50.0,5.34,1,won,v Pakistan,249,49.0,5.08,2,Lahore,4-Nov-87
England,254/6,50.0,5.08,1,won,v India,219,45.3,4.81,2,Wankhede,5-Nov-87
Australia,253/5,50.0,5.06,1,won,v England,246/8,50.0,4.92,2,Eden Gardens,8-Nov-87
New Zealand,248/6,50.0,4.96,1,won,v Australia,211,48.1,4.38,2,Auckland,22-Feb-92
England,236/9,50.0,4.72,1,won,v India,227,49.2,4.6,2,Perth,22-Feb-92
Zimbabwe,312/4,50.0,6.24,1,lost,v Sri Lanka,313/7,49.2,6.34,2,New Plymouth,23-Feb-92
Pakistan,220/2,50.0,4.4,1,lost,v West Indies,221/0,46.5,4.71,2,Melbourne,23-Feb-92
Sri Lanka,206/9,50.0,4.12,1,lost,v New Zealand,210/4,48.2,4.34,2,Hamilton,25-Feb-92
Australia,170/9,49.0,3.46,1,lost,v South Africa,171/1,46.5,3.65,2,Sydney,26-Feb-92
Pakistan,254/4,50.0,5.08,1,won,v Zimbabwe,201/7,50.0,4.02,2,Hobart,27-Feb-92
West Indies,157,49.2,3.18,1,lost,v England,160/4,39.5,4.01,2,Melbourne,27-Feb-92
India,Jan-00,0.2,3.0,1,n/r,v Sri Lanka,0,0.0,0.0,2,Mackay,28-Feb-92
South Africa,190/7,50.0,3.8,1,lost,v New Zealand,191/3,34.3,5.53,2,Auckland,29-Feb-92
West Indies,264/8,50.0,5.28,1,won,v Zimbabwe,189/7,50.0,3.78,2,Brisbane,29-Feb-92
Australia,237/9,50.0,4.74,1,won,v India,234,47.0,4.97,2,Brisbane,1-Mar-92
Pakistan,74,40.2,1.83,1,n/r,v England,24/1,8.0,3.0,2,Adelaide,1-Mar-92
South Africa,195,50.0,3.9,1,lost,v Sri Lanka,198/7,49.5,3.97,2,Wellington,2-Mar-92
New Zealand,162/3,20.5,7.77,1,won,v Zimbabwe,105/7,18.0,5.83,2,Napier,3-Mar-92
India,216/7,49.0,4.4,1,won,v Pakistan,173,48.1,3.59,2,Sydney,4-Mar-92
South Africa,200/8,50.0,4.0,1,won,v West Indies,136,38.4,3.51,2,Christchurch,5-Mar-92
Australia,171,49.0,3.48,1,lost,v England,173/2,40.5,4.23,2,Sydney,5-Mar-92
India,203/7,32.0,6.34,1,won,v Zimbabwe,104/1,19.1,5.42,2,Hamilton,7-Mar-92
Sri Lanka,189/9,50.0,3.78,1,lost,v Australia,190/3,44.0,4.31,2,Adelaide,7-Mar-92
West Indies,203/7,50.0,4.06,1,lost,v New Zealand,206/5,48.3,4.24,2,Auckland,8-Mar-92
South Africa,211/7,50.0,4.22,1,won,v Pakistan,173/8,36.0,4.8,2,Brisbane,8-Mar-92
England,280/6,50.0,5.6,1,won,v Sri Lanka,174,44.0,3.95,2,Ballarat,9-Mar-92
India,197,49.4,3.96,1,lost,v West Indies,195/5,40.2,4.83,2,Wellington,10-Mar-92
Zimbabwe,163,48.3,3.36,1,lost,v South Africa,164/3,45.1,3.63,2,Canberra,10-Mar-92
Pakistan,220/9,50.0,4.4,1,won,v Australia,172,45.2,3.79,2,Perth,11-Mar-92
India,230/6,50.0,4.6,1,lost,v New Zealand,231/6,47.1,4.89,2,Dunedin,12-Mar-92
South Africa,236/4,50.0,4.72,1,lost,v England,226/7,40.5,5.53,2,Melbourne,12-Mar-92
West Indies,268/8,50.0,5.36,1,won,v Sri Lanka,177/9,50.0,3.54,2,Berri,13-Mar-92
Australia,265/6,46.0,5.76,1,won,v Zimbabwe,137,41.4,3.28,2,Hobart,14-Mar-92
England,200/8,50.0,4.0,1,lost,v New Zealand,201/3,40.5,4.92,2,Wellington,15-Mar-92
India,180/6,30.0,6.0,1,lost,v South Africa,181/4,29.1,6.2,2,Adelaide,15-Mar-92
Sri Lanka,212/6,50.0,4.24,1,lost,v Pakistan,216/6,49.1,4.39,2,Perth,15-Mar-92
New Zealand,166,48.2,3.43,1,lost,v Pakistan,167/3,44.4,3.73,2,Christchurch,18-Mar-92
Zimbabwe,134,46.1,2.9,1,won,v England,125,49.1,2.54,2,Albury,18-Mar-92
Australia,216/6,50.0,4.32,1,won,v West Indies,159,42.4,3.72,2,Melbourne,18-Mar-92
New Zealand,262/7,50.0,5.24,1,lost,v Pakistan,264/6,49.0,5.38,2,Auckland,21-Mar-92
England,252/6,45.0,5.6,1,won,v South Africa,232/6,43.0,5.39,2,Sydney,22-Mar-92
Pakistan,249/6,50.0,4.98,1,won,v England,227,49.2,4.6,2,Melbourne,25-Mar-92
New Zealand,239/6,50.0,4.78,1,won,v England,228/9,50.0,4.56,2,Ahmedabad,14-Feb-96
South Africa,321/2,50.0,6.42,1,won,v U.A.E.,152/8,50.0,3.04,2,Rawalpindi,16-Feb-96
Zimbabwe,151/9,50.0,3.02,1,lost,v West Indies,155/4,29.3,5.25,2,Hyderabad (Deccan),16-Feb-96
New Zealand,307/8,50.0,6.14,1,won,v Netherlands,188/7,50.0,3.76,2,Vadodara,17-Feb-96
Kenya,199/6,50.0,3.98,1,lost,v India,203/3,41.5,4.85,2,Cuttack,18-Feb-96
U.A.E.,136,48.3,2.8,1,lost,v England,140/2,35.0,4.0,2,Peshawar,18-Feb-96
New Zealand,177/9,50.0,3.54,1,lost,v South Africa,178/5,37.3,4.74,2,Faisalabad,20-Feb-96
Zimbabwe,228/6,50.0,4.56,1,lost,v Sri Lanka,229/4,37.0,6.18,2,Colombo (SSC),21-Feb-96
West Indies,173,50.0,3.46,1,lost,v India,174/5,39.4,4.38,2,Gwalior,21-Feb-96
England,279/4,50.0,5.58,1,won,v Netherlands,230/6,50.0,4.6,2,Peshawar,22-Feb-96
Australia,304/7,50.0,6.08,1,won,v Kenya,207/7,50.0,4.14,2,Visakhapatnam,23-Feb-96
U.A.E.,109/9,33.0,3.3,1,lost,v Pakistan,112/1,18.0,6.22,2,Gujranwala,24-Feb-96
South Africa,230,50.0,4.6,1,won,v England,152,44.3,3.41,2,Rawalpindi,25-Feb-96
Zimbabwe,45/3,15.5,2.84,1,n/r,v Kenya,0,0.0,0.0,2,Patna,26-Feb-96
Netherlands,145/7,50.0,2.9,1,lost,v Pakistan,151/2,30.4,4.92,2,Lahore,26-Feb-96
Kenya,134,49.4,2.69,1,lost,v Zimbabwe,137/5,42.2,3.23,2,Patna,27-Feb-96
New Zealand,276/8,47.0,5.87,1,won,v U.A.E.,167/9,47.0,3.55,2,Faisalabad,27-Feb-96
Australia,258,50.0,5.16,1,won,v India,242,48.0,5.04,2,Wankhede,27-Feb-96
Kenya,166,49.3,3.35,1,won,v West Indies,93,35.2,2.63,2,Pune,29-Feb-96
Pakistan,242/6,50.0,4.84,1,lost,v South Africa,243/5,44.2,5.48,2,Karachi,29-Feb-96
Zimbabwe,154,45.3,3.38,1,lost,v Australia,158/2,36.0,4.38,2,Nagpur,1-Mar-96
Netherlands,216/9,50.0,4.32,1,lost,v U.A.E.,220/3,44.2,4.96,2,Lahore,1-Mar-96
India,271/3,50.0,5.42,1,lost,v Sri Lanka,272/4,48.4,5.58,2,Delhi,2-Mar-96
England,249/9,50.0,4.98,1,lost,v Pakistan,250/3,47.4,5.24,2,Karachi,3-Mar-96
Australia,229/6,50.0,4.58,1,lost,v West Indies,232/6,48.5,4.75,2,Jaipur,4-Mar-96
South Africa,328/3,50.0,6.56,1,won,v Netherlands,168/8,50.0,3.36,2,Rawalpindi,5-Mar-96
Sri Lanka,398/5,50.0,7.96,1,won,v Kenya,254/7,50.0,5.08,2,Kandy,6-Mar-96
India,247/5,50.0,4.94,1,won,v Zimbabwe,207,49.4,4.16,2,Kanpur,6-Mar-96
Pakistan,281/5,50.0,5.62,1,won,v New Zealand,235,47.3,4.94,2,Lahore,6-Mar-96
England,235/8,50.0,4.7,1,lost,v Sri Lanka,236/5,40.4,5.8,2,Faisalabad,9-Mar-96
India,287/8,50.0,5.74,1,won,v Pakistan,248/9,49.0,5.06,2,Bengaluru,9-Mar-96
West Indies,264/8,50.0,5.28,1,won,v South Africa,245,49.3,4.94,2,Karachi,11-Mar-96
New Zealand,286/9,50.0,5.72,1,lost,v Australia,289/4,47.5,6.04,2,Chennai,11-Mar-96
Sri Lanka,251/8,50.0,5.02,1,won,v India,120/8,34.1,3.51,2,Eden Gardens,13-Mar-96
Australia,207/8,50.0,4.14,1,won,v West Indies,202,49.3,4.08,2,Mohali,14-Mar-96
Australia,241/7,50.0,4.82,1,lost,v Sri Lanka,245/3,46.2,5.28,2,Lahore,17-Mar-96
Sri Lanka,204,48.4,4.19,1,lost,v England,207/2,46.5,4.41,2,Lord's,14-May-99
India,253/5,50.0,5.06,1,lost,v South Africa,254/6,47.2,5.36,2,Hove,15-May-99
Kenya,229/7,50.0,4.58,1,lost,v Zimbabwe,231/5,41.0,5.63,2,Taunton,15-May-99
Scotland,181/7,50.0,3.62,1,lost,v Australia,182/4,44.5,4.05,2,Worcester,16-May-99
Pakistan,229/8,50.0,4.58,1,won,v West Indies,202,48.5,4.13,2,Bristol,16-May-99
Bangladesh,116,37.4,3.07,1,lost,v New Zealand,117/4,33.0,3.54,2,Chelmsford,17-May-99
Kenya,203,49.4,4.08,1,lost,v England,204/1,39.0,5.23,2,Canterbury,18-May-99
Zimbabwe,252/9,50.0,5.04,1,won,v India,249,45.0,5.53,2,Leicester,19-May-99
South Africa,199/9,50.0,3.98,1,won,v Sri Lanka,110,35.2,3.11,2,Northampton,19-May-99
Australia,213/8,50.0,4.26,1,lost,v New Zealand,214/5,45.2,4.72,2,Cardiff,20-May-99
Pakistan,261/6,50.0,5.22,1,won,v Scotland,167,38.5,4.3,2,Chester-le-Street,20-May-99
Bangladesh,182,49.2,3.68,1,lost,v West Indies,183/3,46.3,3.93,2,Dublin,21-May-99
South Africa,225/7,50.0,4.5,1,won,v England,103,41.0,2.51,2,The Oval,22-May-99
Zimbabwe,197/9,50.0,3.94,1,lost,v Sri Lanka,198/6,46.0,4.3,2,Worcester,22-May-99
India,329/2,50.0,6.58,1,won,v Kenya,235/7,50.0,4.7,2,Bristol,23-May-99
Pakistan,275/8,50.0,5.5,1,won,v Australia,265,49.5,5.31,2,Leeds,23-May-99
Bangladesh,185/9,50.0,3.7,1,won,v Scotland,163,46.2,3.51,2,Edinburgh,24-May-99
New Zealand,156,48.1,3.23,1,lost,v West Indies,158/3,44.2,3.56,2,Southampton,24-May-99
Zimbabwe,167/8,50.0,3.34,1,lost,v England,168/3,38.3,4.36,2,Nottingham,25-May-99
Kenya,152,44.3,3.41,1,lost,v South Africa,153/3,41.0,3.73,2,Amstelveen,26-May-99
India,373/6,50.0,7.46,1,won,v Sri Lanka,216,42.3,5.08,2,Taunton,26-May-99
Bangladesh,178/7,50.0,3.56,1,lost,v Australia,181/3,19.5,9.12,2,Chester-le-Street,27-May-99
Scotland,68,31.3,2.15,1,lost,v West Indies,70/2,10.1,6.88,2,Leicester,27-May-99
Pakistan,269/8,50.0,5.38,1,won,v New Zealand,207/8,50.0,4.14,2,Derby,28-May-99
India,232/8,50.0,4.64,1,won,v England,169,45.2,3.72,2,Birmingham,29-May-99
Zimbabwe,233/6,50.0,4.66,1,won,v South Africa,185,47.2,3.9,2,Chelmsford,29-May-99
Sri Lanka,275/8,50.0,5.5,1,won,v Kenya,230/6,50.0,4.6,2,Southampton,30-May-99
West Indies,110,46.4,2.35,1,lost,v Australia,111/4,40.4,2.72,2,Manchester,30-May-99
Bangladesh,223/9,50.0,4.46,1,won,v Pakistan,161,44.3,3.61,2,Northampton,31-May-99
Scotland,121,42.1,2.86,1,lost,v New Zealand,123/4,17.5,6.89,2,Edinburgh,31-May-99
Australia,282/6,50.0,5.64,1,won,v India,205,48.2,4.24,2,The Oval,4-Jun-99
Pakistan,220/7,50.0,4.4,1,lost,v South Africa,221/7,49.0,4.51,2,Nottingham,5-Jun-99
Zimbabwe,175,49.3,3.53,1,n/r,v New Zealand,70/3,15.0,4.66,2,Leeds,6-Jun-99
India,227/6,50.0,4.54,1,won,v Pakistan,180,45.3,3.95,2,Manchester,8-Jun-99
Australia,303/4,50.0,6.06,1,won,v Zimbabwe,259/6,50.0,5.18,2,Lord's,9-Jun-99
South Africa,287/5,50.0,5.74,1,won,v New Zealand,213/8,50.0,4.26,2,Birmingham,10-Jun-99
Pakistan,271/9,50.0,5.42,1,won,v Zimbabwe,123,40.3,3.03,2,The Oval,11-Jun-99
India,251/6,50.0,5.02,1,lost,v New Zealand,253/5,48.2,5.23,2,Nottingham,12-Jun-99
South Africa,271/7,50.0,5.42,1,lost,v Australia,272/5,49.4,5.47,2,Leeds,13-Jun-99
New Zealand,241/7,50.0,4.82,1,lost,v Pakistan,242/1,47.3,5.09,2,Manchester,16-Jun-99
Australia,213,49.2,4.31,1,tied,v South Africa,213,49.4,4.28,2,Birmingham,17-Jun-99
Pakistan,132,39.0,3.38,1,lost,v Australia,133/2,20.1,6.59,2,Lord's,20-Jun-99
West Indies,278/5,50.0,5.56,1,won,v South Africa,275/9,49.0,5.61,2,Cape Town,9-Feb-03
Zimbabwe,340/2,50.0,6.8,1,won,v Namibia,104/5,25.1,4.13,2,Harare,10-Feb-03
Sri Lanka,272/7,50.0,5.44,1,won,v New Zealand,225,45.3,4.94,2,Bloemfontein,10-Feb-03
Australia,310/8,50.0,6.2,1,won,v Pakistan,228,44.3,5.12,2,Johannesburg,11-Feb-03
Canada,180,49.1,3.66,1,won,v Bangladesh,120,28.0,4.28,2,Durban,11-Feb-03
Kenya,140,38.0,3.68,1,lost,v South Africa,142/0,21.2,6.65,2,Potchefstroom,12-Feb-03
India,204,48.5,4.17,1,won,v Netherlands,136,48.1,2.82,2,Paarl,12-Feb-03
New Zealand,241/7,50.0,4.82,1,won,v West Indies,221,49.4,4.44,2,Gqeberha,13-Feb-03
Bangladesh,124,31.1,3.97,1,lost,v Sri Lanka,126/0,21.1,5.95,2,Pietermaritzburg,14-Feb-03
India,125,41.4,3.0,1,lost,v Australia,128/1,22.2,5.73,2,Centurion,15-Feb-03
Canada,197,49.0,4.02,1,lost,v Kenya,198/6,48.3,4.08,2,Cape Town,15-Feb-03
Netherlands,142/9,50.0,2.84,1,lost,v England,144/4,23.2,6.17,2,East London,16-Feb-03
Pakistan,255/9,50.0,5.1,1,won,v Namibia,84,17.4,4.75,2,Kimberley,16-Feb-03
South Africa,306/6,50.0,6.12,1,lost,v New Zealand,229/1,36.5,6.21,2,Johannesburg,16-Feb-03
West Indies,244/9,50.0,4.88,1,n/r,v Bangladesh,32/2,8.1,3.91,2,Benoni,18-Feb-03
India,255/7,50.0,5.1,1,won,v Zimbabwe,172,44.4,3.85,2,Harare,19-Feb-03
Canada,36,18.4,1.92,1,lost,v Sri Lanka,37/1,4.4,7.92,2,Paarl,19-Feb-03
England,272,50.0,5.44,1,won,v Namibia,217/9,50.0,4.34,2,Gqeberha,19-Feb-03
Australia,170/2,36.0,4.72,1,won,v Netherlands,122,30.2,4.02,2,Potchefstroom,20-Feb-03
Bangladesh,108,35.1,3.07,1,lost,v South Africa,109/0,12.0,9.08,2,Bloemfontein,22-Feb-03
England,246/8,50.0,4.92,1,won,v Pakistan,134,31.0,4.32,2,Cape Town,22-Feb-03
Canada,202,42.5,4.71,1,lost,v West Indies,206/3,20.3,10.04,2,Centurion,23-Feb-03
India,311/2,50.0,6.22,1,won,v Namibia,130,42.3,3.05,2,Pietermaritzburg,23-Feb-03
Kenya,210/9,50.0,4.2,1,won,v Sri Lanka,157,45.0,3.48,2,Nairobi (Gym),24-Feb-03
Zimbabwe,246/9,50.0,4.92,1,lost,v Australia,248/3,47.3,5.22,2,Bulawayo,24-Feb-03
Pakistan,253/9,50.0,5.06,1,won,v Netherlands,156,39.3,3.94,2,Paarl,25-Feb-03
Bangladesh,198/7,50.0,3.96,1,lost,v New Zealand,199/3,33.3,5.94,2,Kimberley,26-Feb-03
India,250/9,50.0,5.0,1,won,v England,168,45.3,3.69,2,Durban,26-Feb-03
Australia,301/6,50.0,6.02,1,won,v Namibia,45,14.0,3.21,2,Potchefstroom,27-Feb-03
South Africa,254/8,50.0,5.08,1,won,v Canada,136/5,50.0,2.72,2,East London,27-Feb-03
Zimbabwe,301/8,50.0,6.02,1,won,v Netherlands,202/9,50.0,4.04,2,Bulawayo,28-Feb-03
Sri Lanka,228/6,50.0,4.56,1,won,v West Indies,222/9,50.0,4.44,2,Cape Town,28-Feb-03
Kenya,217/7,50.0,4.34,1,won,v Bangladesh,185,47.2,3.9,2,Johannesburg,1-Mar-03
Pakistan,273/7,50.0,5.46,1,lost,v India,276/4,45.4,6.04,2,Centurion,1-Mar-03
England,204/8,50.0,4.08,1,lost,v Australia,208/8,49.4,4.18,2,Gqeberha,2-Mar-03
Canada,196,47.0,4.17,1,lost,v New Zealand,197/5,23.0,8.56,2,Benoni,3-Mar-03
Netherlands,314/4,50.0,6.28,1,won,v Namibia,250,46.5,5.33,2,Bloemfontein,3-Mar-03
Sri Lanka,268/9,50.0,5.36,1,tied,v South Africa,229/6,45.0,5.08,2,Durban,3-Mar-03
Pakistan,73/3,14.0,5.21,1,n/r,v Zimbabwe,0,0.0,0.0,2,Bulawayo,4-Mar-03
West Indies,246/7,50.0,4.92,1,won,v Kenya,104,35.5,2.9,2,Kimberley,4-Mar-03
Australia,319/5,50.0,6.38,1,won,v Sri Lanka,223,47.4,4.67,2,Centurion,7-Mar-03
Kenya,225/6,50.0,4.5,1,lost,v India,226/4,47.5,4.72,2,Cape Town,7-Mar-03
Zimbabwe,252/7,50.0,5.04,1,lost,v New Zealand,253/4,47.2,5.34,2,Bloemfontein,8-Mar-03
India,292/6,50.0,5.84,1,won,v Sri Lanka,109,23.0,4.73,2,Johannesburg,10-Mar-03
Australia,208/9,50.0,4.16,1,won,v New Zealand,112,30.1,3.71,2,Gqeberha,11-Mar-03
Zimbabwe,133,44.1,3.01,1,lost,v Kenya,135/3,26.0,5.19,2,Bloemfontein,12-Mar-03
New Zealand,146,45.1,3.23,1,lost,v India,150/3,40.4,3.68,2,Centurion,14-Mar-03
Sri Lanka,256/5,50.0,5.12,1,won,v Zimbabwe,182,41.5,4.35,2,East London,15-Mar-03
Kenya,174/8,50.0,3.48,1,lost,v Australia,178/5,31.2,5.68,2,Durban,15-Mar-03
Australia,212/7,50.0,4.24,1,won,v Sri Lanka,123/7,38.1,3.22,2,Gqeberha,18-Mar-03
India,270/4,50.0,5.4,1,won,v Kenya,179,46.2,3.86,2,Durban,20-Mar-03
Australia,359/2,50.0,7.18,1,won,v India,234,39.2,5.94,2,Johannesburg,23-Mar-03
West Indies,241/9,50.0,4.82,1,won,v Pakistan,187,47.2,3.95,2,Kingston,13-Mar-07
Australia,334/6,50.0,6.68,1,won,v Scotland,131,40.1,3.26,2,Basseterre,14-Mar-07
Canada,199,50.0,3.98,1,lost,v Kenya,203/3,43.2,4.68,2,Gros Islet,14-Mar-07
Sri Lanka,321/6,50.0,6.42,1,won,v Bermuda,78,24.4,3.16,2,Port of Spain,15-Mar-07
Ireland,221/9,50.0,4.42,1,tied,v Zimbabwe,221,50.0,4.42,2,Kingston,15-Mar-07
England,209/7,50.0,4.18,1,lost,v New Zealand,210/4,41.0,5.12,2,Gros Islet,16-Mar-07
South Africa,353/3,40.0,8.82,1,won,v Netherlands,132/9,40.0,3.3,2,Basseterre,16-Mar-07
India,191,49.3,3.85,1,lost,v Bangladesh,192/5,48.3,3.95,2,Port of Spain,17-Mar-07
Pakistan,132,45.4,2.89,1,lost,v Ireland,133/7,41.4,3.19,2,Kingston,17-Mar-07
Australia,358/5,50.0,7.16,1,won,v Netherlands,129,26.5,4.8,2,Basseterre,18-Mar-07
England,279/6,50.0,5.58,1,won,v Canada,228/7,50.0,4.56,2,Gros Islet,18-Mar-07
India,413/5,50.0,8.26,1,won,v Bermuda,156,43.1,3.61,2,Port of Spain,19-Mar-07
Zimbabwe,202/5,50.0,4.04,1,lost,v West Indies,204/4,47.5,4.26,2,Kingston,19-Mar-07
New Zealand,331/7,50.0,6.62,1,won,v Kenya,183,49.2,3.7,2,Gros Islet,20-Mar-07
Scotland,186/8,50.0,3.72,1,lost,v South Africa,188/3,23.2,8.05,2,Basseterre,20-Mar-07
Sri Lanka,318/4,50.0,6.36,1,won,v Bangladesh,112,37.0,3.02,2,Port of Spain,21-Mar-07
Pakistan,349,49.5,7.0,1,won,v Zimbabwe,99,19.1,5.16,2,Kingston,21-Mar-07
New Zealand,363/5,50.0,7.26,1,won,v Canada,249,49.2,5.04,2,Gros Islet,22-Mar-07
Scotland,136,34.1,3.98,1,lost,v Netherlands,140/2,23.5,5.87,2,Basseterre,22-Mar-07
Sri Lanka,254/6,50.0,5.08,1,won,v India,185,43.3,4.25,2,Port of Spain,23-Mar-07
Ireland,183/8,48.0,3.81,1,lost,v West Indies,190/2,38.1,4.97,2,Kingston,23-Mar-07
Australia,377/6,50.0,7.54,1,won,v South Africa,294,48.0,6.12,2,Basseterre,24-Mar-07
Kenya,177,43.0,4.11,1,lost,v England,178/3,33.0,5.39,2,Gros Islet,24-Mar-07
Bermuda,94/9,21.0,4.47,1,lost,v Bangladesh,96/3,17.3,5.48,2,Port of Spain,25-Mar-07
Australia,322/6,50.0,6.44,1,won,v West Indies,219,45.3,4.81,2,North Sound,27-Mar-07
Sri Lanka,209,49.3,4.22,1,lost,v South Africa,212/9,48.2,4.38,2,Providence,28-Mar-07
West Indies,177,44.4,3.96,1,lost,v New Zealand,179/3,39.2,4.55,2,North Sound,29-Mar-07
England,266/7,50.0,5.32,1,won,v Ireland,218,48.1,4.52,2,Providence,30-Mar-07
Bangladesh,104/6,22.0,4.72,1,lost,v Australia,106/0,13.5,7.66,2,North Sound,31-Mar-07
Sri Lanka,303/5,50.0,6.06,1,won,v West Indies,190,44.3,4.26,2,Providence,1-Apr-07
Bangladesh,174,48.3,3.58,1,lost,v New Zealand,178/1,29.2,6.06,2,North Sound,2-Apr-07
Ireland,152/8,35.0,4.34,1,lost,v South Africa,165/3,31.3,5.23,2,Providence,3-Apr-07
Sri Lanka,235,50.0,4.7,1,won,v England,233/8,50.0,4.66,2,North Sound,4-Apr-07
Bangladesh,251/8,50.0,5.02,1,won,v South Africa,184,48.4,3.78,2,Providence,7-Apr-07
England,247,49.5,4.95,1,lost,v Australia,248/3,47.2,5.23,2,North Sound,8-Apr-07
New Zealand,263/8,50.0,5.26,1,won,v Ireland,134,37.4,3.55,2,Providence,9-Apr-07
South Africa,356/4,50.0,7.12,1,won,v West Indies,289/9,50.0,5.78,2,St George's,10-Apr-07
Bangladesh,143,37.2,3.83,1,lost,v England,147/6,44.5,3.27,2,Bridgetown,11-Apr-07
New Zealand,219/7,50.0,4.38,1,lost,v Sri Lanka,222/4,45.1,4.91,2,St George's,12-Apr-07
Ireland,91,30.0,3.03,1,lost,v Australia,92/1,12.2,7.45,2,Bridgetown,13-Apr-07
South Africa,193/7,50.0,3.86,1,lost,v New Zealand,196/5,48.2,4.05,2,St George's,14-Apr-07
Ireland,243/7,50.0,4.86,1,won,v Bangladesh,169,41.2,4.08,2,Bridgetown,15-Apr-07
Sri Lanka,226,49.4,4.55,1,lost,v Australia,232/3,42.4,5.43,2,St George's,16-Apr-07
England,154,48.0,3.2,1,lost,v South Africa,157/1,19.2,8.12,2,Bridgetown,17-Apr-07
Ireland,77,27.4,2.78,1,lost,v Sri Lanka,81/2,10.0,8.1,2,St George's,18-Apr-07
West Indies,230/5,50.0,4.6,1,won,v Bangladesh,131,43.5,2.98,2,Bridgetown,19-Apr-07
Australia,348/6,50.0,6.96,1,won,v New Zealand,133,25.5,5.14,2,St George's,20-Apr-07
West Indies,300,49.5,6.02,1,lost,v England,301/9,49.5,6.04,2,Bridgetown,21-Apr-07
Sri Lanka,289/5,50.0,5.78,1,won,v New Zealand,208,41.4,4.99,2,Kingston,24-Apr-07
South Africa,149,43.5,3.39,1,lost,v Australia,153/3,31.3,4.85,2,Gros Islet,25-Apr-07
Australia,281/4,38.0,7.39,1,won,v Sri Lanka,215/8,36.0,5.97,2,Bridgetown,28-Apr-07
India,370/4,50.0,7.4,1,won,v Bangladesh,283/9,50.0,5.66,2,Mirpur,19-Feb-11
Kenya,69,23.5,2.89,1,lost,v New Zealand,72/0,8.0,9.0,2,Chennai,20-Feb-11
Sri Lanka,332/7,50.0,6.64,1,won,v Canada,122,36.5,3.31,2,Hambantota,20-Feb-11
Australia,262/6,50.0,5.24,1,won,v Zimbabwe,171,46.2,3.69,2,Ahmedabad,21-Feb-11
Netherlands,292/6,50.0,5.84,1,lost,v England,296/4,48.4,6.08,2,Nagpur,22-Feb-11
Pakistan,317/7,50.0,6.34,1,won,v Kenya,112,33.1,3.37,2,Hambantota,23-Feb-11
West Indies,222,47.3,4.67,1,lost,v South Africa,223/3,42.5,5.2,2,Delhi,24-Feb-11
New Zealand,206,45.1,4.56,1,lost,v Australia,207/3,34.0,6.08,2,Nagpur,25-Feb-11
Bangladesh,205,49.2,4.15,1,won,v Ireland,178,45.0,3.95,2,Mirpur,25-Feb-11
Pakistan,277/7,50.0,5.54,1,won,v Sri Lanka,266/9,50.0,5.32,2,Colombo (RPS),26-Feb-11
India,338,49.5,6.78,1,tied,v England,338/8,50.0,6.76,2,Bengaluru,27-Feb-11
Zimbabwe,298/9,50.0,5.96,1,won,v Canada,123,42.1,2.91,2,Nagpur,28-Feb-11
West Indies,330/8,50.0,6.6,1,won,v Netherlands,115,31.3,3.65,2,Delhi,28-Feb-11
Kenya,142,43.4,3.25,1,lost,v Sri Lanka,146/1,18.4,7.82,2,Colombo (RPS),1-Mar-11
England,327/8,50.0,6.54,1,lost,v Ireland,329/7,49.1,6.69,2,Bengaluru,2-Mar-11
South Africa,351/5,50.0,7.02,1,won,v Netherlands,120,34.5,3.44,2,Mohali,3-Mar-11
Pakistan,184,43.0,4.27,1,won,v Canada,138,42.5,3.22,2,Colombo (RPS),3-Mar-11
Zimbabwe,162,46.2,3.49,1,lost,v New Zealand,166/0,33.3,4.95,2,Ahmedabad,4-Mar-11
Bangladesh,58,18.5,3.07,1,lost,v West Indies,59/1,12.2,4.78,2,Mirpur,4-Mar-11
Sri Lanka,146/3,32.5,4.44,1,n/r,v Australia,0,0.0,0.0,2,Colombo (RPS),5-Mar-11
England,171,45.4,3.74,1,won,v South Africa,165,47.4,3.46,2,Chennai,6-Mar-11
Ireland,207,47.5,4.32,1,lost,v India,210/5,46.0,4.56,2,Bengaluru,6-Mar-11
Kenya,198,50.0,3.96,1,lost,v Canada,199/5,45.3,4.37,2,Delhi,7-Mar-11
New Zealand,302/7,50.0,6.04,1,won,v Pakistan,192,41.4,4.6,2,Pallekele,8-Mar-11
Netherlands,189,46.4,4.05,1,lost,v India,191/5,36.3,5.23,2,Delhi,9-Mar-11
Sri Lanka,327/6,50.0,6.54,1,won,v Zimbabwe,188,39.0,4.82,2,Pallekele,10-Mar-11
West Indies,275,50.0,5.5,1,won,v Ireland,231,49.0,4.71,2,Mohali,11-Mar-11
England,225,49.4,4.53,1,lost,v Bangladesh,227/8,49.0,4.63,2,Chattogram,11-Mar-11
India,296,48.4,6.08,1,lost,v South Africa,300/7,49.4,6.04,2,Nagpur,12-Mar-11
New Zealand,358/6,50.0,7.16,1,won,v Canada,261/9,50.0,5.22,2,Wankhede,13-Mar-11
Australia,324/6,50.0,6.48,1,won,v Kenya,264/6,50.0,5.28,2,Bengaluru,13-Mar-11
Netherlands,160,46.2,3.45,1,lost,v Bangladesh,166/4,41.2,4.01,2,Chattogram,14-Mar-11
Zimbabwe,151/7,39.4,3.8,1,lost,v Pakistan,164/3,34.1,4.8,2,Pallekele,14-Mar-11
South Africa,272/7,50.0,5.44,1,won,v Ireland,141,33.2,4.23,2,Eden Gardens,15-Mar-11
Canada,211,45.4,4.62,1,lost,v Australia,212/3,34.5,6.08,2,Bengaluru,16-Mar-11
England,243,48.4,4.99,1,won,v West Indies,225,44.4,5.03,2,Chennai,17-Mar-11
Netherlands,306,50.0,6.12,1,lost,v Ireland,307/4,47.4,6.44,2,Eden Gardens,18-Mar-11
Sri Lanka,265/9,50.0,5.3,1,won,v New Zealand,153,35.0,4.37,2,Wankhede,18-Mar-11
South Africa,284/8,50.0,5.68,1,won,v Bangladesh,78,28.0,2.78,2,Mirpur,19-Mar-11
Australia,176,46.4,3.77,1,lost,v Pakistan,178/6,41.0,4.34,2,Colombo (RPS),19-Mar-11
Zimbabwe,308/6,50.0,6.16,1,won,v Kenya,147,36.0,4.08,2,Eden Gardens,20-Mar-11
India,268,49.1,5.45,1,won,v West Indies,188,43.0,4.37,2,Chennai,20-Mar-11
West Indies,112,43.3,2.57,1,lost,v Pakistan,113/0,20.5,5.42,2,Mirpur,23-Mar-11
Australia,260/6,50.0,5.2,1,lost,v India,261/5,47.4,5.47,2,Ahmedabad,24-Mar-11
New Zealand,221/8,50.0,4.42,1,won,v South Africa,172,43.2,3.96,2,Mirpur,25-Mar-11
England,229/6,50.0,4.58,1,lost,v Sri Lanka,231/0,39.3,5.84,2,Colombo (RPS),26-Mar-11
New Zealand,217,48.5,4.44,1,lost,v Sri Lanka,220/5,47.5,4.59,2,Colombo (RPS),29-Mar-11
India,260/9,50.0,5.2,1,won,v Pakistan,231,49.5,4.63,2,Mohali,30-Mar-11
Sri Lanka,274/6,50.0,5.48,1,lost,v India,277/4,48.2,5.73,2,Wankhede,2-Apr-11
New Zealand,331/6,50.0,6.62,1,won,v Sri Lanka,233,46.1,5.04,2,Christchurch,14-Feb-15
Australia,342/9,50.0,6.84,1,won,v England,231,41.5,5.52,2,Melbourne,14-Feb-15
South Africa,339/4,50.0,6.78,1,won,v Zimbabwe,277,48.2,5.73,2,Hamilton,15-Feb-15
India,300/7,50.0,6.0,1,won,v Pakistan,224,47.0,4.76,2,Adelaide,15-Feb-15
West Indies,304/7,50.0,6.08,1,lost,v Ireland,307/6,45.5,6.69,2,Nelson,16-Feb-15
Scotland,142,36.2,3.9,1,lost,v New Zealand,146/7,24.5,5.87,2,Dunedin,17-Feb-15
Bangladesh,267,50.0,5.34,1,won,v Afghanistan,162,42.5,3.78,2,Canberra,18-Feb-15
U.A.E.,285/7,50.0,5.7,1,lost,v Zimbabwe,286/6,48.0,5.95,2,Nelson,19-Feb-15
England,123,33.2,3.69,1,lost,v New Zealand,125/2,12.2,10.13,2,Wellington,20-Feb-15
West Indies,310/6,50.0,6.2,1,won,v Pakistan,160,39.0,4.1,2,Christchurch,21-Feb-15
Afghanistan,232,49.4,4.67,1,lost,v Sri Lanka,236/6,48.2,4.88,2,Dunedin,22-Feb-15
India,307/7,50.0,6.14,1,won,v South Africa,177,40.2,4.38,2,Melbourne,22-Feb-15
England,303/8,50.0,6.06,1,won,v Scotland,184,42.2,4.34,2,Christchurch,23-Feb-15
West Indies,372/2,50.0,7.44,1,won,v Zimbabwe,289,44.3,6.49,2,Canberra,24-Feb-15
U.A.E.,278/9,50.0,5.56,1,lost,v Ireland,279/8,49.2,5.65,2,Brisbane,25-Feb-15
Scotland,210,50.0,4.2,1,lost,v Afghanistan,211/9,49.3,4.26,2,Dunedin,26-Feb-15
Sri Lanka,332/1,50.0,6.64,1,won,v Bangladesh,240,47.0,5.1,2,Melbourne,26-Feb-15
South Africa,408/5,50.0,8.16,1,won,v West Indies,151,33.1,4.55,2,Sydney,27-Feb-15
Australia,151,32.2,4.67,1,lost,v New Zealand,152/9,23.1,6.56,2,Auckland,28-Feb-15
U.A.E.,102,31.3,3.23,1,lost,v India,104/1,18.5,5.52,2,Perth,28-Feb-15
England,309/6,50.0,6.18,1,lost,v Sri Lanka,312/1,47.2,6.59,2,Wellington,1-Mar-15
Pakistan,235/7,50.0,4.7,1,won,v Zimbabwe,215,49.4,4.32,2,Brisbane,1-Mar-15
South Africa,411/4,50.0,8.22,1,won,v Ireland,210,45.0,4.66,2,Canberra,3-Mar-15
Pakistan,339/6,50.0,6.78,1,won,v U.A.E.,210/8,50.0,4.2,2,Napier,4-Mar-15
Australia,417/6,50.0,8.34,1,won,v Afghanistan,142,37.3,3.78,2,Perth,4-Mar-15
Scotland,318/8,50.0,6.36,1,lost,v Bangladesh,322/4,48.1,6.68,2,Nelson,5-Mar-15
West Indies,182,44.2,4.1,1,lost,v India,185/6,39.1,4.72,2,Perth,6-Mar-15
Pakistan,222,46.4,4.75,1,won,v South Africa,202,33.3,6.02,2,Auckland,7-Mar-15
Ireland,331/8,50.0,6.62,1,won,v Zimbabwe,326,49.3,6.58,2,Hobart,7-Mar-15
Afghanistan,186,47.4,3.9,1,lost,v New Zealand,188/4,36.1,5.19,2,Napier,8-Mar-15
Australia,376/9,50.0,7.52,1,won,v Sri Lanka,312,46.2,6.73,2,Sydney,8-Mar-15
Bangladesh,275/7,50.0,5.5,1,won,v England,260,48.3,5.36,2,Adelaide,9-Mar-15
Ireland,259,49.0,5.28,1,lost,v India,260/2,36.5,7.05,2,Hamilton,10-Mar-15
Sri Lanka,363/9,50.0,7.26,1,won,v Scotland,215,43.1,4.98,2,Hobart,11-Mar-15
South Africa,341/6,50.0,6.82,1,won,v U.A.E.,195,47.3,4.1,2,Wellington,12-Mar-15
Bangladesh,288/7,50.0,5.76,1,lost,v New Zealand,290/7,48.5,5.93,2,Hamilton,13-Mar-15
Afghanistan,111/7,36.2,3.05,1,lost,v England,101/1,18.1,5.55,2,Sydney,13-Mar-15
Zimbabwe,287,48.5,5.87,1,lost,v India,288/4,48.4,5.91,2,Auckland,14-Mar-15
Scotland,130,25.4,5.06,1,lost,v Australia,133/3,15.2,8.67,2,Hobart,14-Mar-15
U.A.E.,175,47.4,3.67,1,lost,v West Indies,176/4,30.3,5.77,2,Napier,15-Mar-15
Ireland,237,50.0,4.74,1,lost,v Pakistan,241/3,46.1,5.22,2,Adelaide,15-Mar-15
Sri Lanka,133,37.2,3.56,1,lost,v South Africa,134/1,18.0,7.44,2,Sydney,18-Mar-15
India,302/6,50.0,6.04,1,won,v Bangladesh,193,45.0,4.28,2,Melbourne,19-Mar-15
Pakistan,213,49.5,4.27,1,lost,v Australia,216/4,33.5,6.38,2,Adelaide,20-Mar-15
New Zealand,393/6,50.0,7.86,1,won,v West Indies,250,30.3,8.19,2,Wellington,21-Mar-15
South Africa,281/5,43.0,6.53,1,lost,v New Zealand,299/6,42.5,6.98,2,Auckland,24-Mar-15
Australia,328/7,50.0,6.56,1,won,v India,233,46.5,4.97,2,Sydney,26-Mar-15
New Zealand,183,45.0,4.06,1,lost,v Australia,186/3,33.1,5.6,2,Melbourne,29-Mar-15
England,311/8,50.0,6.22,1,won,v South Africa,207,39.5,5.19,2,The Oval,30-May-19
Pakistan,105,21.4,4.84,1,lost,v West Indies,108/3,13.4,7.9,2,Nottingham,31-May-19
Sri Lanka,136,29.2,4.63,1,lost,v New Zealand,137/0,16.1,8.47,2,Cardiff,1-Jun-19
Afghanistan,207,38.2,5.4,1,lost,v Australia,209/3,34.5,6.0,2,Bristol,1-Jun-19
Bangladesh,330/6,50.0,6.6,1,won,v South Africa,309/8,50.0,6.18,2,The Oval,2-Jun-19
Pakistan,348/8,50.0,6.96,1,won,v England,334/9,50.0,6.68,2,Nottingham,3-Jun-19
Sri Lanka,201,36.5,5.45,1,won,v Afghanistan,152,32.4,4.65,2,Cardiff,4-Jun-19
South Africa,227/9,50.0,4.54,1,lost,v India,230/4,47.3,4.84,2,Southampton,5-Jun-19
Bangladesh,244,49.2,4.94,1,lost,v New Zealand,248/8,47.1,5.25,2,The Oval,5-Jun-19
Australia,288,49.0,5.87,1,won,v West Indies,273/9,50.0,5.46,2,Nottingham,6-Jun-19
England,386/6,50.0,7.72,1,won,v Bangladesh,280,48.5,5.73,2,Cardiff,8-Jun-19
Afghanistan,172,41.1,4.17,1,lost,v New Zealand,173/3,32.1,5.37,2,Taunton,8-Jun-19
India,352/5,50.0,7.04,1,won,v Australia,316,50.0,6.32,2,The Oval,9-Jun-19
South Africa,29/2,7.3,3.86,1,n/r,v West Indies,0,0.0,0.0,2,Southampton,10-Jun-19
Australia,307,49.0,6.26,1,won,v Pakistan,266,45.4,5.82,2,Taunton,12-Jun-19
West Indies,212,44.4,4.74,1,lost,v England,213/2,33.1,6.42,2,Southampton,14-Jun-19
Australia,334/7,50.0,6.68,1,won,v Sri Lanka,247,45.5,5.38,2,The Oval,15-Jun-19
Afghanistan,125,34.1,3.65,1,lost,v South Africa,131/1,28.4,4.56,2,Cardiff,15-Jun-19
India,336/5,50.0,6.72,1,won,v Pakistan,212/6,40.0,5.3,2,Manchester,16-Jun-19
West Indies,321/8,50.0,6.42,1,lost,v Bangladesh,322/3,41.3,7.75,2,Taunton,17-Jun-19
England,397/6,50.0,7.94,1,won,v Afghanistan,247/8,50.0,4.94,2,Manchester,18-Jun-19
South Africa,241/6,49.0,4.91,1,lost,v New Zealand,245/6,48.3,5.05,2,Birmingham,19-Jun-19
Australia,381/5,50.0,7.62,1,won,v Bangladesh,333/8,50.0,6.66,2,Nottingham,20-Jun-19
Sri Lanka,232/9,50.0,4.64,1,won,v England,212,47.0,4.51,2,Leeds,21-Jun-19
India,224/8,50.0,4.48,1,won,v Afghanistan,213,49.5,4.27,2,Southampton,22-Jun-19
New Zealand,291/8,50.0,5.82,1,won,v West Indies,286,49.0,5.83,2,Manchester,22-Jun-19
Pakistan,308/7,50.0,6.16,1,won,v South Africa,259/9,50.0,5.18,2,Lord's,23-Jun-19
Bangladesh,262/7,50.0,5.24,1,won,v Afghanistan,200,47.0,4.25,2,Southampton,24-Jun-19
Australia,285/7,50.0,5.7,1,won,v England,221,44.4,4.94,2,Lord's,25-Jun-19
New Zealand,237/6,50.0,4.74,1,lost,v Pakistan,241/4,49.1,4.9,2,Birmingham,26-Jun-19
India,268/7,50.0,5.36,1,won,v West Indies,143,34.2,4.16,2,Manchester,27-Jun-19
Sri Lanka,203,49.3,4.1,1,lost,v South Africa,206/1,37.2,5.51,2,Chester-le-Street,28-Jun-19
Afghanistan,227/9,50.0,4.54,1,lost,v Pakistan,230/7,49.4,4.63,2,Leeds,29-Jun-19
Australia,243/9,50.0,4.86,1,won,v New Zealand,157,43.4,3.59,2,Lord's,29-Jun-19
England,337/7,50.0,6.74,1,won,v India,306/5,50.0,6.12,2,Birmingham,30-Jun-19
Sri Lanka,338/6,50.0,6.76,1,won,v West Indies,315/9,50.0,6.3,2,Chester-le-Street,1-Jul-19
India,314/9,50.0,6.28,1,won,v Bangladesh,286,48.0,5.95,2,Birmingham,2-Jul-19
England,305/8,50.0,6.1,1,won,v New Zealand,186,45.0,4.13,2,Chester-le-Street,3-Jul-19
West Indies,311/6,50.0,6.22,1,won,v Afghanistan,288,50.0,5.76,2,Leeds,4-Jul-19
Pakistan,315/9,50.0,6.3,1,won,v Bangladesh,221,44.1,5.0,2,Lord's,5-Jul-19
Sri Lanka,264/7,50.0,5.28,1,lost,v India,265/3,43.3,6.09,2,Leeds,6-Jul-19
South Africa,325/6,50.0,6.5,1,won,v Australia,315,49.5,6.32,2,Manchester,6-Jul-19
New Zealand,239/8,50.0,4.78,1,won,v India,221,49.3,4.46,2,Manchester,9-Jul-19
Australia,223,49.0,4.55,1,lost,v England,226/2,32.1,7.02,2,Birmingham,11-Jul-19
New Zealand,241/8,50.0,4.82,1,tied,v England,241,50.0,4.82,2,Lord's,14-Jul-19
England,282/9,50.0,5.64,1,lost,v New Zealand,283/1,36.2,7.78,2,Ahmedabad,5-Oct-23
Pakistan,286,49.0,5.83,1,won,v Netherlands,205,41.0,5.0,2,Hyderabad,6-Oct-23
Afghanistan,156,37.2,4.17,1,lost,v Bangladesh,158/4,34.4,4.55,2,Dharamsala,7-Oct-23
South Africa,428/5,50.0,8.56,1,won,v Sri Lanka,326,44.5,7.27,2,Delhi,7-Oct-23
Australia,199,49.3,4.02,1,lost,v India,201/4,41.2,4.86,2,Chennai,8-Oct-23
New Zealand,322/7,50.0,6.44,1,won,v Netherlands,223,46.3,4.79,2,Hyderabad,9-Oct-23
England,364/9,50.0,7.28,1,won,v Bangladesh,227,48.2,4.69,2,Dharamsala,10-Oct-23
Sri Lanka,344/9,50.0,6.88,1,lost,v Pakistan,345/4,48.2,7.13,2,Hyderabad,10-Oct-23
Afghanistan,272/8,50.0,5.44,1,lost,v India,273/2,35.0,7.8,2,Delhi,11-Oct-23
South Africa,311/7,50.0,6.22,1,won,v Australia,177,40.5,4.33,2,Lucknow,12-Oct-23
Bangladesh,245/9,50.0,4.9,1,lost,v New Zealand,248/2,42.5,5.78,2,Chennai,13-Oct-23
Pakistan,191,42.5,4.45,1,lost,v India,192/3,30.3,6.29,2,Ahmedabad,14-Oct-23
Afghanistan,284,49.5,5.69,1,won,v England,215,40.3,5.3,2,Delhi,15-Oct-23
Sri Lanka,209,43.3,4.8,1,lost,v Australia,215/5,35.2,6.08,2,Lucknow,16-Oct-23
Netherlands,245/8,43.0,5.69,1,won,v South Africa,207,42.5,4.83,2,Dharamsala,17-Oct-23
New Zealand,288/6,50.0,5.76,1,won,v Afghanistan,139,34.4,4.0,2,Chennai,18-Oct-23
Bangladesh,256/8,50.0,5.12,1,lost,v India,261/3,41.3,6.28,2,Pune,19-Oct-23
Australia,367/9,50.0,7.34,1,won,v Pakistan,305,45.3,6.7,2,Bengaluru,20-Oct-23
Netherlands,262,49.4,5.27,1,lost,v Sri Lanka,263/5,48.2,5.44,2,Lucknow,21-Oct-23
South Africa,399/7,50.0,7.98,1,won,v England,170,22.0,7.72,2,Wankhede,21-Oct-23
New Zealand,273,50.0,5.46,1,lost,v India,274/6,48.0,5.7,2,Dharamsala,22-Oct-23
Pakistan,282/7,50.0,5.64,1,lost,v Afghanistan,286/2,49.0,5.83,2,Chennai,23-Oct-23
South Africa,382/5,50.0,7.64,1,won,v Bangladesh,233,46.4,4.99,2,Wankhede,24-Oct-23
Australia,399/8,50.0,7.98,1,won,v Netherlands,90,21.0,4.28,2,Delhi,25-Oct-23
England,156,33.2,4.68,1,lost,v Sri Lanka,160/2,25.4,6.23,2,Bengaluru,26-Oct-23
Pakistan,270,46.4,5.78,1,lost,v South Africa,271/9,47.2,5.72,2,Chennai,27-Oct-23
Australia,388,49.2,7.86,1,won,v New Zealand,383/9,50.0,7.66,2,Dharamsala,28-Oct-23
Netherlands,229,50.0,4.58,1,won,v Bangladesh,142,42.2,3.35,2,Eden Gardens,28-Oct-23
India,229/9,50.0,4.58,1,won,v England,129,34.5,3.7,2,Lucknow,29-Oct-23
Sri Lanka,241,49.3,4.86,1,lost,v Afghanistan,242/3,45.2,5.33,2,Pune,30-Oct-23
Bangladesh,204,45.1,4.51,1,lost,v Pakistan,205/3,32.3,6.3,2,Eden Gardens,31-Oct-23
South Africa,357/4,50.0,7.14,1,won,v New Zealand,167,35.3,4.7,2,Pune,1-Nov-23
India,357/8,50.0,7.14,1,won,v Sri Lanka,55,19.4,2.79,2,Wankhede,2-Nov-23
Netherlands,179,46.3,3.84,1,lost,v Afghanistan,181/3,31.3,5.74,2,Lucknow,3-Nov-23
New Zealand,401/6,50.0,8.02,1,lost,v Pakistan,200/1,25.3,7.84,2,Bengaluru,4-Nov-23
Australia,286,49.3,5.77,1,won,v England,253,48.1,5.25,2,Ahmedabad,4-Nov-23
India,326/5,50.0,6.52,1,won,v South Africa,83,27.1,3.05,2,Eden Gardens,5-Nov-23
Sri Lanka,279,49.3,5.63,1,lost,v Bangladesh,282/7,41.1,6.85,2,Delhi,6-Nov-23
Afghanistan,291/5,50.0,5.82,1,lost,v Australia,293/7,46.5,6.25,2,Wankhede,7-Nov-23
England,339/9,50.0,6.78,1,won,v Netherlands,179,37.2,4.79,2,Pune,8-Nov-23
Sri Lanka,171,46.4,3.66,1,lost,v New Zealand,172/5,23.2,7.37,2,Bengaluru,9-Nov-23
Afghanistan,244,50.0,4.88,1,lost,v South Africa,247/5,47.3,5.2,2,Ahmedabad,10-Nov-23
Bangladesh,306/8,50.0,6.12,1,lost,v Australia,307/2,44.4,6.87,2,Pune,11-Nov-23
England,337/9,50.0,6.74,1,won,v Pakistan,244,43.3,5.6,2,Eden Gardens,11-Nov-23
India,410/4,50.0,8.2,1,won,v Netherlands,250,47.5,5.22,2,Bengaluru,12-Nov-23
India,397/4,50.0,7.94,1,won,v New Zealand,327,48.5,6.69,2,Wankhede,15-Nov-23
South Africa,212,49.4,4.26,1,lost,v Australia,215/7,47.2,4.54,2,Eden Gardens,16-Nov-23
India,240,50.0,4.8,1,lost,v Australia,241/4,43.0,5.6,2,Ahmedabad,19-Nov-23
